date,blockchain,account_name,subaccount_name,subaccount_address,type,direction,tx_index,tx_hash,token_name,token_id,contract_address,symbol,block_hash,block_number,method_id,from_address,to_address,amount,fees
2024-01-30 18:12:47,ethereum,ledger,nano:s-plus-1:swap-1,0x1c23b471c65747b848f5119de6687ff567831e92,normal,OUT,209,0x187df38d5025f0eceeef4c5e2e49d8995e229cd212f658b59fdb6ae985995504,Ethereum,,,ETH,0xcf32b9dc299f964f0560883d5ca14663a23d24d425da1f8cc9e587101fa05d56,19121034,0x,0x1c23b471c65747b848f5119de6687ff567831e92,0xc5f89759ce89b65fdd97b4468419610fc285579c,0.019954864901193669,0.000543310994814
2024-01-30 18:07:59,ethereum,ledger,nano:s-plus-1:swap-1,0x1c23b471c65747b848f5119de6687ff567831e92,normal,IN,66,0xc96557011003bd3707d4f1bee41c1671cf5166c987d984d2fc4ad67ebeb57546,Ethereum,,,ETH,0xd6b7a4cc689d90fcf8850c7732e8e32d88648d236805e905945e79565ba15bda,19121010,0x,0x9e2a58d257963a276452fff1be94c0eb7e2775cc,0x1c23b471c65747b848f5119de6687ff567831e92,0.017875785262057723,0.000724797116946
2024-01-30 17:51:35,ethereum,ledger,nano:s-plus-1:swap-1,0x1c23b471c65747b848f5119de6687ff567831e92,normal,OUT,206,0x6a383af3888f44ac4cab64c01c0739616573e9ea963c96ccb786ac223efcbe5d,Ethereum,,,ETH,0x5b1319b23bd6fb64077479f393c84f3276b9b90a0ec5da43c713bdae8a007b67,19120930,0x,0x1c23b471c65747b848f5119de6687ff567831e92,0x2000e04e1cc67850f2e84f6657712f93af0b1f04,0.064010085541510234,0.000623478758616
2024-01-30 17:40:23,ethereum,ledger,nano:s-plus-1:swap-1,0x1c23b471c65747b848f5119de6687ff567831e92,normal,IN,67,0xc83eeebd279c22815fff2c5ee4704ba52a84711a8f05dfd7a225bfee7030f4d1,Ethereum,,,ETH,0xc0109eef4d065072b0abf087215d62ff96ddfb8b592e3b42776c3a8d9227322e,19120874,0x,0x9e2a58d257963a276452fff1be94c0eb7e2775cc,0x1c23b471c65747b848f5119de6687ff567831e92,0.08874861846654323,0.000778849709799
2024-01-30 17:13:35,ethereum,ledger,nano:s-plus-1:swap-1,0x1c23b471c65747b848f5119de6687ff567831e92,normal,OUT,120,0x663e0143bd03bee7acea0741eb270da8d9336d5c75a4c5c2224d760d96ed53e0,Ethereum,,,ETH,0x5c9683bbbe306f7b5076faaedfef2679f12cf71dabd50864794c3a2e178b73ef,19120741,0x,0x1c23b471c65747b848f5119de6687ff567831e92,0xfa018c5e69a85bf3859b70b081efb89d407316f1,0.015400823417741636,0.000746505694284
2024-01-30 17:09:59,ethereum,ledger,nano:s-plus-1:swap-1,0x1c23b471c65747b848f5119de6687ff567831e92,normal,OUT,110,0xc971b13a9d6e0665288d70a85c8c28d4774603042b5f0bd926ac4abe1e95c5e2,Ethereum,,,ETH,0xc2c63d723a51f47429ed8a6da9cea23ad13e93e37c9fadef0dd91da0fb53b977,19120723,0x,0x1c23b471c65747b848f5119de6687ff567831e92,0x406dadc4acf44872fa67e1bcfb68d335bcd2a48a,0.046118335209548251,0.000817180573797
2024-01-30 17:09:23,ethereum,ledger,nano:s-plus-1:swap-1,0x1c23b471c65747b848f5119de6687ff567831e92,normal,IN,110,0xa7852976fa4ce8269cf01e7357ac624157788a64cad45cf5c46cb42a4062c96e,Ethereum,,,ETH,0x151761011b2cbb848555d2d7479e64bbc5c8ae6181ee1b956396de1fbc5bd094,19120720,0x,0x9e2a58d257963a276452fff1be94c0eb7e2775cc,0x1c23b471c65747b848f5119de6687ff567831e92,0.07536181875495695,0.000849847377876
2024-01-30 16:31:47,ethereum,ledger,nano:s-plus-1:swap-1,0x1c23b471c65747b848f5119de6687ff567831e92,normal,OUT,170,0xbcde97564e2e6ca8a9505b01f39befe218d8bdd4a29d0ede4b7a31320446f447,Ethereum,,,ETH,0x0e7f1fae0e4d33aa15fe2fea4fd98eaafdaece735b8c6ca957ea656cf8bc4872,19120534,0x,0x1c23b471c65747b848f5119de6687ff567831e92,0x14ba026efed4fcde67fcd14ada846ef360e7a853,0.006,0.001205812603569
2024-01-30 16:20:35,ethereum,ledger,nano:s-plus-1:swap-1,0x1c23b471c65747b848f5119de6687ff567831e92,normal,OUT,191,0x2b4acd44e3862b2491345e108ae58a9132e59aa1f89d71e66ffd0b46b9ed58ad,Ethereum,,,ETH,0x22ce4dffa6dbe30c2d9ca68ba87dbd7ad8137ae761d58f7f78648eb3bc2b474b,19120478,0x,0x1c23b471c65747b848f5119de6687ff567831e92,0x406dadc4acf44872fa67e1bcfb68d335bcd2a48a,0.048764748292218781,0.001410912101718
2024-01-30 16:19:11,ethereum,ledger,nano:s-plus-1:swap-1,0x1c23b471c65747b848f5119de6687ff567831e92,normal,IN,85,0xfa40560fbc8135770400b6f6e1434c3def7ed30f625de85c6396237253aad0db,Ethereum,,,ETH,0xaa6585dca8b3c65c733c582bec71074a563c945a9b0d32e831c87f6b35e0c611,19120471,0x,0x9e2a58d257963a276452fff1be94c0eb7e2775cc,0x1c23b471c65747b848f5119de6687ff567831e92,0.0748233016945243,0.001532983622268
2024-01-30 09:25:47,ethereum,ledger,nano:s-plus-1:swap-1,0x1c23b471c65747b848f5119de6687ff567831e92,normal,OUT,135,0x509b4bc058c06a688aae2f2987696301384bf4faf2fe187f071d90b10bd0ed3e,Ethereum,,,ETH,0xf6524075656a46346fe1bb63a08ca8cc7b0328b9b12ac514e16a4889a437b800,19118417,0x,0x1c23b471c65747b848f5119de6687ff567831e92,0x3c4c943c31d939abca7658c0c26cc2a6c2c9c794,0.011278755331687087,0.000533386724703
2024-01-30 09:20:11,ethereum,ledger,nano:s-plus-1:swap-1,0x1c23b471c65747b848f5119de6687ff567831e92,normal,IN,54,0x622bc4c7fa8c2cfb1d4e7c1eb0b15581679ae287be0d0509d88e40b9c88caf1d,Ethereum,,,ETH,0xb1028bd1e9bab8565e011eeedb787bfb1c800a44ab36df1a55047b47d2361613,19118389,0x,0x20e7899f4fdd469d68048938ec3d9f0167fa1b3a,0x1c23b471c65747b848f5119de6687ff567831e92,0.04183635,0.000517365614073
2024-01-29 21:31:59,ethereum,ledger,nano:s-plus-1:swap-1,0x1c23b471c65747b848f5119de6687ff567831e92,normal,OUT,123,0xec26884bc7a4c2244fc7e34ad8827e4418bc0942596d632940d9b9df56123d0c,Ethereum,,,ETH,0x5515e8ec7dbb59b158dd55c3e26446f8ad2a2672dda662447fc8082bf8c0457d,19114880,0x,0x1c23b471c65747b848f5119de6687ff567831e92,0x3c4c943c31d939abca7658c0c26cc2a6c2c9c794,0.022556244453974378,0.00042503377434
2024-01-29 18:42:47,ethereum,ledger,nano:s-plus-1:swap-1,0x1c23b471c65747b848f5119de6687ff567831e92,normal,OUT,127,0xcc4bb3c8b37ca8f949267488432ebbe8dcf2c85e0bdbde2407209c98ece51a85,Ethereum,,,ETH,0xb5d4c759e8885f7491759a4b0e05ea85fae6fa18a6d7d9cc343a81b49822f58c,19114044,0x,0x1c23b471c65747b848f5119de6687ff567831e92,0xe090e66f2776c848d8b2f55a8208052867ac6b8e,0.033335175189948346,0.000257273685753
2024-01-29 18:41:35,ethereum,ledger,nano:s-plus-1:swap-1,0x1c23b471c65747b848f5119de6687ff567831e92,normal,IN,75,0x46429e7b328f4b0216c972074c65d821f7e442c1ee747524167e972298c056ba,Ethereum,,,ETH,0x99cb7bb63d42aba8af9e230e14a74fac27d7b83d9cd2a3b7234ac2b916b32309,19114038,0x,0x9e2a58d257963a276452fff1be94c0eb7e2775cc,0x1c23b471c65747b848f5119de6687ff567831e92,0.04080152555722908,0.000269430378798
2024-01-29 18:41:23,ethereum,ledger,nano:s-plus-1:swap-1,0x1c23b471c65747b848f5119de6687ff567831e92,normal,IN,94,0xa753213669dcb7273e331d426acc2a7a168dc30c7e8e1c9bc9d9010d00d6b8d6,Ethereum,,,ETH,0xea4aca826e122f864945172ad94d3b73f9acd3c0b57c818ff3a2878e7f2c45f2,19114037,0x,0x9e2a58d257963a276452fff1be94c0eb7e2775cc,0x1c23b471c65747b848f5119de6687ff567831e92,0.005574183793865865,0.000272193130629
2024-01-29 16:14:23,ethereum,ledger,nano:s-plus-1:swap-1,0x1c23b471c65747b848f5119de6687ff567831e92,normal,OUT,122,0xd699d87b4e5d2d084d59f11580122b596ca09717bbb702269170d47bf61a1f83,Ethereum,,,ETH,0x716ddb6530b51962d858867832697272c742a2bcdfe86fd5eaa3f0edbb020f01,19113304,0x,0x1c23b471c65747b848f5119de6687ff567831e92,0x8161de9487a8e3b26e93a11bdf37bf67e50c562c,0.00232437,0.000962202863251994
2024-01-29 16:00:23,ethereum,ledger,nano:s-plus-1:swap-1,0x1c23b471c65747b848f5119de6687ff567831e92,normal,OUT,246,0x8461ee05c2c658e01b7987848ee7e1d80964ed8b5bad436d9b299f2a031fbe53,Ethereum,,,ETH,0x582e0160bdef28a07ee8d82bc2f2e5324dae9ba28802ba26e63780bdf2a34982,19113234,0x,0x1c23b471c65747b848f5119de6687ff567831e92,0xbeef93e6bd0a3ed6911604768d8bcdb9a9751df3,0.032633615308666892,0.000555999107412
2024-01-29 15:57:11,ethereum,ledger,nano:s-plus-1:swap-1,0x1c23b471c65747b848f5119de6687ff567831e92,normal,IN,103,0x9ab78ce73bb0c2a637402f0236d00986f95d875d6f31bdb335096b4f5da62403,Ethereum,,,ETH,0xec7df6505592c20ad103b26ebfb09970169cb3d125e966ca240fb7eb10068f9f,19113218,0x,0x9e2a58d257963a276452fff1be94c0eb7e2775cc,0x1c23b471c65747b848f5119de6687ff567831e92,0.046842014442615474,0.000566153401485
2024-01-29 15:36:47,ethereum,ledger,nano:s-plus-1:swap-1,0x1c23b471c65747b848f5119de6687ff567831e92,normal,OUT,98,0x7790cc141b483157e8a825283c568675bbb8958a71bc1fa96009fc6a0db1cfc5,Ethereum,,,ETH,0x08893e19853dd240c5d5625b002ecce0d27f9be5fd08931e6634ad3e00c9891e,19113117,0x,0x1c23b471c65747b848f5119de6687ff567831e92,0xbeef93e6bd0a3ed6911604768d8bcdb9a9751df3,0.032951207092003899,0.000487671626484
2024-01-29 15:31:11,ethereum,ledger,nano:s-plus-1:swap-1,0x1c23b471c65747b848f5119de6687ff567831e92,normal,IN,152,0x0253f1f1fb781b8c17482e8d85e4ecbe465903eba58413b055fb2bd35f921f0f,Ethereum,,,ETH,0xa63f3e411fed4cec10f3de80bd712a8fe431986311db37d8f3fc95436cbe653b,19113090,0x,0x9e2a58d257963a276452fff1be94c0eb7e2775cc,0x1c23b471c65747b848f5119de6687ff567831e92,0.04718074236657476,0.000520015744017
2024-01-29 14:31:11,ethereum,ledger,nano:s-plus-1:swap-1,0x1c23b471c65747b848f5119de6687ff567831e92,normal,OUT,194,0x0d97943ef4c44032d9583b1262b303cc7caccc1f40c303cdbe90d4fd40533746,Ethereum,,,ETH,0xa706482da3ca776cdc3e17a42621afedf41adeb226b169043f11cab8988f6dee,19112793,0x,0x1c23b471c65747b848f5119de6687ff567831e92,0x46b763ce0ac7ce8c0263dabadf2dc6f3cfa6955f,0.052992376498991374,0.00047424160287
2024-01-29 14:29:35,ethereum,ledger,nano:s-plus-1:swap-1,0x1c23b471c65747b848f5119de6687ff567831e92,normal,IN,68,0x8cef085446b4525df2a3887df13c0e90d55fb47b7bd8fbf083e174022390cab6,Ethereum,,,ETH,0x96e8f853ca4f04b1ea469f8e732a979a45e8e7eaeee57b3ff7657e8eb4b0e725,19112785,0x,0x9e2a58d257963a276452fff1be94c0eb7e2775cc,0x1c23b471c65747b848f5119de6687ff567831e92,0.07695887860836442,0.000410606944818
2024-01-29 13:49:47,ethereum,ledger,nano:s-plus-1:swap-1,0x1c23b471c65747b848f5119de6687ff567831e92,normal,OUT,127,0x83c015335943659d6ba4d411c980add01bcd93d0068df27ea53747e3f0a45166,Ethereum,,,ETH,0xa110957ca395ff1de2fa553d2c96105d75b1ea1153a39668ac983c9c6a1aa5a8,19112587,0x,0x1c23b471c65747b848f5119de6687ff567831e92,0x07113067fde299610f643168cffced41f823d7bc,0.00077772,0.000688587611629554
2024-01-29 13:40:35,ethereum,ledger,nano:s-plus-1:swap-1,0x1c23b471c65747b848f5119de6687ff567831e92,normal,OUT,157,0xad0815192158aeb52dec82734cb2e4f8663e3081f5650fc79d703b8ae1ee891c,Ethereum,,,ETH,0x8842c16d9b1797f1a5603632bda5851b0a8997669cfa3d0e7655ccc0e44794da,19112541,0x,0x1c23b471c65747b848f5119de6687ff567831e92,0xabfff43d2d2508699566b788f61662e7454fab5e,0.0007762,0.000645564784785921
2024-01-29 13:29:47,ethereum,ledger,nano:s-plus-1:swap-1,0x1c23b471c65747b848f5119de6687ff567831e92,normal,OUT,154,0x1c0f726a17e93da315ee0680ad6aa7745fdd32497eda28b939d80cdb1467eb02,Ethereum,,,ETH,0x53781bd0d807aa6e6efa4531b524f9c277f888d2ce23785c2bf1c898af115aac,19112487,0x,0x1c23b471c65747b848f5119de6687ff567831e92,0x6dbbcb453cb4af0409c2584849d4ffce16c4940d,0.00232296,0.00078042026047713
2024-01-28 21:34:35,ethereum,ledger,nano:s-plus-1:swap-1,0x1c23b471c65747b848f5119de6687ff567831e92,normal,OUT,246,0xe2d897d71def9fea6a0b511dccb6ac5db8621a7c68ae59bae26a19e8f14bc57c,Ethereum,,,ETH,0xd735f73db9e4489d0d4bdedc6961ad8651d40948e4e75b14b6276671bf198162,19107745,0x,0x1c23b471c65747b848f5119de6687ff567831e92,0xaa78a5ef666924f409d6a20db81679c8f77a6750,0.040613636825802938,0.000210698802573
2024-01-28 21:33:59,ethereum,ledger,nano:s-plus-1:swap-1,0x1c23b471c65747b848f5119de6687ff567831e92,normal,IN,171,0x7525128b63705f0c99f7c91d204b06595c59da8ca1ef4c2872d6e898846e1867,Ethereum,,,ETH,0xd984b2909a48f6ae71a0eac7b4b734520302f14af1f7172d541b34a167b4ccbb,19107742,0x,0x3c4c943c31d939abca7658c0c26cc2a6c2c9c794,0x1c23b471c65747b848f5119de6687ff567831e92,0.057407924486202532,0.000233032712094
2024-01-26 17:05:11,ethereum,ledger,nano:s-plus-1:swap-1,0x1c23b471c65747b848f5119de6687ff567831e92,normal,OUT,209,0xc905757b171386c35cbadb8fdbca3073c2f0a593cab6ba779e9525d9d3ac13d9,Ethereum,,,ETH,0x2936172c62a50992d3e4797f3a53657bd558bfb42f084273602fc54e52c7d017,19092151,0x,0x1c23b471c65747b848f5119de6687ff567831e92,0x413ad68b711d292625f3becca0388d9bf76f3be2,0.00229959,0.001252107699475815
2024-01-26 16:53:47,ethereum,ledger,nano:s-plus-1:swap-1,0x1c23b471c65747b848f5119de6687ff567831e92,normal,IN,66,0xab2b3a5668bd580343982d4e6c93be0d6953d7232f4481e11e44cb5210710d7d,Ethereum,,,ETH,0x6357f39127e75154075aec1a30cd8b6404460ac5c7d2fa155013a0213d85cacf,19092095,0x,0xfd8c258201fec3b56178aa6455cdaff103e1105e,0x1c23b471c65747b848f5119de6687ff567831e92,0.002196358828648504,0.000577360333641
2024-01-26 14:17:23,ethereum,ledger,nano:s-plus-1:swap-1,0x1c23b471c65747b848f5119de6687ff567831e92,normal,OUT,116,0x9efbfe61688b21b77d19d00303971b3758797cb092509fd7f750d7372e0d0213,Ethereum,,,ETH,0xa6b984208dae1ea76a74428e6eba2b1ec07f76ea4b9ac5df4aeff5e45184c6ae,19091320,0x,0x1c23b471c65747b848f5119de6687ff567831e92,0xe041afb8daf12e211d95490ed379255d5f9f4026,0.00233381,0.001066497434456272
2024-01-26 14:07:23,ethereum,ledger,nano:s-plus-1:swap-1,0x1c23b471c65747b848f5119de6687ff567831e92,normal,IN,150,0x07e521cdd28cdee6adedae1bfca3489951ac66008da0dabe5f716f28dc740f6b,Ethereum,,,ETH,0x050538e911ede325c2302ceaa5fa6c1d0a812c9120557e2081d00750dc39e65c,19091270,0x,0xadb3fb7e2634d8b9ec0e426ce40a194163a5b1d9,0x1c23b471c65747b848f5119de6687ff567831e92,0.002229448718461176,0.000483986896995
2024-01-26 13:43:23,ethereum,ledger,nano:s-plus-1:swap-1,0x1c23b471c65747b848f5119de6687ff567831e92,normal,IN,24,0xc2532ab8c44a9b652e0aeff856bbbc5ff4996bb066b3d1dcccaef42961c4c962,Ethereum,,,ETH,0xf030df5fe35a0ab51556c4f734b48fbbbf90469ffe9537754fcc42eaed69870d,19091150,0x,0x3c4c943c31d939abca7658c0c26cc2a6c2c9c794,0x1c23b471c65747b848f5119de6687ff567831e92,0.000921232601097939,0.000547789547088
2024-01-26 13:37:59,ethereum,ledger,nano:s-plus-1:swap-1,0x1c23b471c65747b848f5119de6687ff567831e92,normal,IN,49,0xdcb17f08d19ddea1918cf297661792ce60d3c914c861cc7f9f6feca22392d363,Ethereum,,,ETH,0x3a53385b6a675f6a79edece30a385be368e5b3ca7d140f95b14a161579cdfd9b,19091123,0x,0xfd8c258201fec3b56178aa6455cdaff103e1105e,0x1c23b471c65747b848f5119de6687ff567831e92,0.00222657758422133,0.000484090104645
2024-01-26 11:48:23,ethereum,ledger,nano:s-plus-1:swap-1,0x1c23b471c65747b848f5119de6687ff567831e92,normal,OUT,146,0xa7c74c6ffeeb63a6bd0e7c08cf3809d6f07d43b873e00adbeecef93228a1a037,Ethereum,,,ETH,0xa7553de56de45e4b4eaa168ed7e6e4cdfbde4e384350ade9a8018368feaa1983,19090577,0x,0x1c23b471c65747b848f5119de6687ff567831e92,0x3c4c943c31d939abca7658c0c26cc2a6c2c9c794,0.001653211388815857,0.000439548050382
2024-01-21 14:33:47,ethereum,ledger,nano:s-plus-1:swap-1,0x1c23b471c65747b848f5119de6687ff567831e92,normal,OUT,114,0x4a0a6d00c50dc6d60bd34d526a1caf21674f5aff1740ab030ec73522c8da636b,Ethereum,,,ETH,0xc15435ef34c0788f14c012802fbe238dcb1dfd6590733614365a4579108e6b2b,19055861,0x,0x1c23b471c65747b848f5119de6687ff567831e92,0x3325c717c69e7c7593fc198d97a51135b7a25566,0.016178414879207601,0.000306638911698
2024-01-21 12:24:47,ethereum,ledger,nano:s-plus-1:swap-1,0x1c23b471c65747b848f5119de6687ff567831e92,normal,OUT,121,0x9007a039d4d53b6b419fd27d0e8779764bc2ccf04ae82bf521ff266ecd130060,Ethereum,,,ETH,0xc23c11a26674a46c731e5aa5f57d025407da76f711234d1e75cedc7f8403ba18,19055219,0x,0x1c23b471c65747b848f5119de6687ff567831e92,0x108f692949149f807455bfd76737778be5f29453,0.0021256,0.000679304187041844
2024-01-20 23:55:35,ethereum,ledger,nano:s-plus-1:swap-1,0x1c23b471c65747b848f5119de6687ff567831e92,normal,OUT,110,0x829ae665cf43a5aa9775b20e6fd6248c1de10e5ee07f0c8e22ef28d14b5a416a,Ethereum,,,ETH,0x568493d8f693d6a914a3d5bd4bda9b6d6e1b35e275e9b3057644d2b85f18657a,19051492,0x,0x1c23b471c65747b848f5119de6687ff567831e92,0xfd8c258201fec3b56178aa6455cdaff103e1105e,0.205,0.000259841441874
2024-01-20 22:17:59,ethereum,ledger,nano:s-plus-1:swap-1,0x1c23b471c65747b848f5119de6687ff567831e92,normal,OUT,152,0xaa21f78c9919d6d039e82138b78ad010539a2495f23865a823a97e9d1a69efc2,Ethereum,,,ETH,0x5bf3c0d51725678a74f78759b9c801f4d300c50a9f74970a61dba44f24a0f944,19051004,0x,0x1c23b471c65747b848f5119de6687ff567831e92,0x3c4c943c31d939abca7658c0c26cc2a6c2c9c794,0.061321911168133303,0.00027297600855
2024-01-20 22:04:23,ethereum,ledger,nano:s-plus-1:swap-1,0x1c23b471c65747b848f5119de6687ff567831e92,normal,OUT,86,0x7c276ae40829771fe1ae393720d4da740c551edf3b8c8d9fed7d51c4f0f28b41,Ethereum,,,ETH,0xf9dc3e0788754d74a2bf673ae5b7e1a2a5a5dfc1a870318bf465efbedf4ad58b,19050937,0x,0x1c23b471c65747b848f5119de6687ff567831e92,0x7223f584674feeaf6898b6593807366dbba3d59d,0.065988018466344963,0.000275096538633
2024-01-20 22:01:35,ethereum,ledger,nano:s-plus-1:swap-1,0x1c23b471c65747b848f5119de6687ff567831e92,normal,IN,79,0xc4c4f3d710855e4aa37c8481c34796f85788e6332f0acb39e7f66ae95553a5a9,Ethereum,,,ETH,0xe8741c07b2b65993fbe18c55d4df04a9dc23d010a675626228701d8daffdd7ef,19050923,0x,0x9e2a58d257963a276452fff1be94c0eb7e2775cc,0x1c23b471c65747b848f5119de6687ff567831e92,0.12973932877459206,0.000301873397448
2024-01-20 21:05:23,ethereum,ledger,nano:s-plus-1:swap-1,0x1c23b471c65747b848f5119de6687ff567831e92,normal,OUT,147,0x8b093cec17812e5761e2bf86e60ab622610c1e567eaf8ddad0ae265ebcda48d6,Ethereum,,,ETH,0x04e14e468b8132d9a8cf95278967057280e45d7c7df8fded9d3c86cb41b0f5bc,19050647,0x,0x1c23b471c65747b848f5119de6687ff567831e92,0x374b8c80e0c1a574d7f6f599ffdb51e517d0ef30,0.01317399789053497,0.000633724018557
2024-01-20 20:29:11,ethereum,ledger,nano:s-plus-1:swap-1,0x1c23b471c65747b848f5119de6687ff567831e92,normal,OUT,204,0x4796a028d8b8554a96c2f56f30b6cec9e607d6e50df66672516dde6c63e03db0,Ethereum,,,ETH,0x8d98f5eca2e63d70eae390384e3e0c7f8424a3b692cf142ea84b8bf18c790251,19050466,0x,0x1c23b471c65747b848f5119de6687ff567831e92,0x7223f584674feeaf6898b6593807366dbba3d59d,0.065885991828703358,0.00028606584468
2024-01-20 20:26:23,ethereum,ledger,nano:s-plus-1:swap-1,0x1c23b471c65747b848f5119de6687ff567831e92,normal,IN,124,0x6af04e1baed225b9a9c9b99ca12e12aa27a0ea19b69577ede16d9101cef8e81f,Ethereum,,,ETH,0x6b10adc03886e0a8faf11424af13fb765e018f512d15246db994cb02022391ff,19050452,0x,0x9e2a58d257963a276452fff1be94c0eb7e2775cc,0x1c23b471c65747b848f5119de6687ff567831e92,0.12984370254815043,0.000310426011693
2024-01-20 18:46:23,ethereum,ledger,nano:s-plus-1:swap-1,0x1c23b471c65747b848f5119de6687ff567831e92,normal,OUT,134,0xee67eb4dd540a6c2e4ebf57dc218d536020329a452181e3486627205753f7340,Ethereum,,,ETH,0xc4b493b3c5076b72cbc4f7e230210ea65571de4b5bbb19aa23cb8c70c47fb57a,19049958,0x,0x1c23b471c65747b848f5119de6687ff567831e92,0xfb04ada3b74da16c35c2e751373821cb6b868847,0.039221126825720995,0.000302375407005
2024-01-20 18:44:47,ethereum,ledger,nano:s-plus-1:swap-1,0x1c23b471c65747b848f5119de6687ff567831e92,normal,IN,62,0x08c068860d73800ed7e44e1c51a7923c0944167e5eab8e1ffdadc5c5aa6d6f00,Ethereum,,,ETH,0xb615d4dcc83ed697fb9551edd41ce388346ca6663077baf2a8b8302eecd0d5c0,19049950,0x,0x9e2a58d257963a276452fff1be94c0eb7e2775cc,0x1c23b471c65747b848f5119de6687ff567831e92,0.055358339905783375,0.000335936534934
2024-01-20 18:18:59,ethereum,ledger,nano:s-plus-1:swap-1,0x1c23b471c65747b848f5119de6687ff567831e92,normal,OUT,173,0x917436d53e06c6df5916ea8d25fec507184de33e5e9b972b03ca12481ea86baf,Ethereum,,,ETH,0xab15b14a85157893fcb3303df1f6025e50788270178b3f39220e95fdc4c25418,19049821,0x,0x1c23b471c65747b848f5119de6687ff567831e92,0x35df8b68eed938aaabef2ef7e9c89b2fc1b70294,0.061124248293750378,0.000321705636084
2024-01-20 18:16:47,ethereum,ledger,nano:s-plus-1:swap-1,0x1c23b471c65747b848f5119de6687ff567831e92,normal,IN,52,0x8a83570a277d3d3320f6af4938d33e230dc74cf4b72f68954fc7b46dc19ec898,Ethereum,,,ETH,0x130e5001b7dfc78bf56d7ebf338556efb88433ed5c2a49dcb1cbc7e72f0ebb95,19049810,0x,0x9e2a58d257963a276452fff1be94c0eb7e2775cc,0x1c23b471c65747b848f5119de6687ff567831e92,0.08626790991757414,0.000402901435671
2024-01-20 17:05:35,ethereum,ledger,nano:s-plus-1:swap-1,0x1c23b471c65747b848f5119de6687ff567831e92,normal,OUT,205,0x732d3974080fe563608c0e1d97647ca6049b21c84bff01a8751a08c58f708a11,Ethereum,,,ETH,0x589c4f4a646e808e07dabbea0b3dffd56ea67cb1c5ce951020bc4e3fff315a5b,19049456,0x,0x1c23b471c65747b848f5119de6687ff567831e92,0x273a5ae97bc5ab06ea7e076b07c39b692953aefc,0.047785013023352173,0.000368040761424
2024-01-20 17:04:23,ethereum,ledger,nano:s-plus-1:swap-1,0x1c23b471c65747b848f5119de6687ff567831e92,normal,IN,101,0x314c36003ac6a72a4ea113698a3105bb30a60f7e3551362a16e7e62a16092844,Ethereum,,,ETH,0x4420ed9a2ffe4211b0d878e894c8b2e6232db794429c65dce6687200498ab7d2,19049450,0x,0x9e2a58d257963a276452fff1be94c0eb7e2775cc,0x1c23b471c65747b848f5119de6687ff567831e92,0.0955422588674818,0.000392043712158
2024-01-20 16:35:35,ethereum,ledger,nano:s-plus-1:swap-1,0x1c23b471c65747b848f5119de6687ff567831e92,normal,OUT,106,0x0daaed0093e4ac650e40ad75040ef46a0eee0449bbd74b405860864c821246ed,Ethereum,,,ETH,0xfba03dbe0909398f16476d75e3ca7f9c12be2bf910246a63dd98c64757ef330a,19049307,0x,0x1c23b471c65747b848f5119de6687ff567831e92,0xaa1b87e9ab9ebb29f99ea45ad9aa1614e2c25434,0.091368107475884367,0.000420471173304
2024-01-20 16:31:59,ethereum,ledger,nano:s-plus-1:swap-1,0x1c23b471c65747b848f5119de6687ff567831e92,normal,IN,51,0x65ba1baafa5733d4f74a26d85699141d85ff86d430f30748e3eba0d6cc9a4543,Ethereum,,,ETH,0x1d4cae8119de20672a709908be49a1b8b2e6900e23a94b924318859bc589df36,19049289,0x,0x9e2a58d257963a276452fff1be94c0eb7e2775cc,0x1c23b471c65747b848f5119de6687ff567831e92,0.13341685178242453,0.000454470337104
2024-01-20 16:16:47,ethereum,ledger,nano:s-plus-1:swap-1,0x1c23b471c65747b848f5119de6687ff567831e92,normal,OUT,160,0x4c68ef15780ed8302d5c31fd45de4ac2bb3ac466cb6fae2642dfa538b5a6b572,Ethereum,,,ETH,0x600c1da31606a9dc139a84c6786f865a46872ff8c71d4debd7ca431f639d7844,19049215,0x,0x1c23b471c65747b848f5119de6687ff567831e92,0x6750168bb33d828a23d0c04a568c13221d638cde,0.020279520292300935,0.000347799780615
2024-01-20 15:31:23,ethereum,ledger,nano:s-plus-1:swap-1,0x1c23b471c65747b848f5119de6687ff567831e92,normal,OUT,163,0xb75ab77ea2bda207a4aa88560ed586b4d6981c7f2f3baf3196e257756290c43a,Ethereum,,,ETH,0xbf07376dc77930bb843eec7bdb77ae5518c7ff93860fd3f33cbdefa414793a0f,19048988,0x,0x1c23b471c65747b848f5119de6687ff567831e92,0xe9c2423624543f6f30ef4397e018a1bce00cdb63,0.019569737082070402,0.000381007684638
2024-01-20 15:26:47,ethereum,ledger,nano:s-plus-1:swap-1,0x1c23b471c65747b848f5119de6687ff567831e92,normal,IN,92,0x270849992b4497f61319e1a1e99e12b17b21bfe8526e9484299ef0b340a9768c,Ethereum,,,ETH,0xd12068975fa4b1523d597a26e8d54a5d57850ebc9b1b9454aa537962e7fdd200,19048965,0x,0x9e2a58d257963a276452fff1be94c0eb7e2775cc,0x1c23b471c65747b848f5119de6687ff567831e92,0.04098936320076142,0.000379209562956
2024-01-20 14:37:35,ethereum,ledger,nano:s-plus-1:swap-1,0x1c23b471c65747b848f5119de6687ff567831e92,normal,OUT,137,0x7d74e428281f76c91baa5fc602f354135ec4b0cd6dc8cb4b1b16f91c6f452e50,Ethereum,,,ETH,0x76b1d8a34740a8d5bf20523648e22cbb1efd639dc41055cc729f256e37b59045,19048720,0x,0x1c23b471c65747b848f5119de6687ff567831e92,0xa8bfdae34716827bef9748e5e45a5492caf70f4f,0.037597768317206175,0.000376697779836
2024-01-20 14:33:47,ethereum,ledger,nano:s-plus-1:swap-1,0x1c23b471c65747b848f5119de6687ff567831e92,normal,IN,75,0x086c07654b7904ae58cf760cf6cbcfff6797c08198cc6bd2ee69ee4b1f071d8f,Ethereum,,,ETH,0xf04e70b4ccae0e411f9b5b5b2b8ac030bf6d3d5059affca3c84ef0512f18a84f,19048701,0x,0x9e2a58d257963a276452fff1be94c0eb7e2775cc,0x1c23b471c65747b848f5119de6687ff567831e92,0.07893188506043844,0.000431979469362
2024-01-20 12:56:47,ethereum,ledger,nano:s-plus-1:swap-1,0x1c23b471c65747b848f5119de6687ff567831e92,normal,OUT,120,0xd8e991ed6591894d50c13d226a0a4ade932f2b0b49a21654b0486954c7b8b1a7,Ethereum,,,ETH,0x0e875a07c27cfa038515f71ab686614c52b3f4433d52d02a25e061f250ccc26f,19048217,0x,0x1c23b471c65747b848f5119de6687ff567831e92,0x5f173020927739ad4ca3cbb5a6cb8c33bbe96460,0.00212776,0.000676510157240463
2024-01-20 11:26:59,ethereum,ledger,nano:s-plus-1:swap-1,0x1c23b471c65747b848f5119de6687ff567831e92,normal,OUT,103,0x066afcedf5243cdc59c0e64d40f937cb728b2f88b5c16af86afbfbf5de245838,Ethereum,,,ETH,0x4090107341b8e853cea6681764b4a46a2c58d875594590f7d740182c9c63db68,19047772,0x,0x1c23b471c65747b848f5119de6687ff567831e92,0x2f982aeda5d85fc3f89c6fb840c93c14055f468b,0.000507048611353765,0.000286010025063
2024-01-19 21:09:59,ethereum,ledger,nano:s-plus-1:swap-1,0x1c23b471c65747b848f5119de6687ff567831e92,normal,OUT,71,0xa8d095e6e1f2d45bf5dfc372d51b5b82e6f8a4356dd8161660921927ce6ee392,Ethereum,,,ETH,0x5d11e8052167d16c3bde732abb930ae215e1d3123b3a0e46f1a3574778ce90ad,19043504,0x,0x1c23b471c65747b848f5119de6687ff567831e92,0xfd8c258201fec3b56178aa6455cdaff103e1105e,0.05,0.000464944033743
2024-01-19 20:03:59,ethereum,ledger,nano:s-plus-1:swap-1,0x1c23b471c65747b848f5119de6687ff567831e92,normal,OUT,118,0xf577b685062eb72f62d66a6e3b2139791f9e070589fa19bc8221f1716e5c518f,Ethereum,,,ETH,0x5cd92126ef35da3426ca0e2a24a4602f10adfd3ce49f5c5b6f83f2a1fbbb447f,19043177,0x,0x1c23b471c65747b848f5119de6687ff567831e92,0x5e7d05afc61418220590e668403393552f23d75d,0.014051556250680237,0.000606951365307
2024-01-19 19:52:23,ethereum,ledger,nano:s-plus-1:swap-1,0x1c23b471c65747b848f5119de6687ff567831e92,normal,OUT,82,0xdaf3b02a42d2e591a5a1b010730095eb7e7c7764bb51fa200219b73d7d29d0ba,Ethereum,,,ETH,0x8faf76b818d27eac203719c156ec0d40ea3bf791d5f0de03f115cc99cffdd003,19043119,0x,0x1c23b471c65747b848f5119de6687ff567831e92,0x87d112ad94087e308d73d4d4f8aa07ad90b01a91,0.012044191072011632,0.000562081174095
2024-01-19 19:51:23,ethereum,ledger,nano:s-plus-1:swap-1,0x1c23b471c65747b848f5119de6687ff567831e92,normal,IN,46,0xbd38736f00fdcf0ddd4c5286a0e7772c34a37decbcc0eb8505725d93e82d8574,Ethereum,,,ETH,0x257dfca4e770a57c701d91c72850bb36e2e3b3e275ddf87d7f54b603be03065c,19043114,0x,0x9e2a58d257963a276452fff1be94c0eb7e2775cc,0x1c23b471c65747b848f5119de6687ff567831e92,0.02105627430560371,0.000571468248414
2024-01-19 19:33:11,ethereum,ledger,nano:s-plus-1:swap-1,0x1c23b471c65747b848f5119de6687ff567831e92,normal,OUT,171,0x05967e1574f8ccd065f40b7e74bb4e840c9c07593f8eb3042d405f838eb4bb09,Ethereum,,,ETH,0xb3ca585a4f4309c1c42b45fd415be05905bcf490d99f8e0d994cbfc4b6900fae,19043024,0x,0x1c23b471c65747b848f5119de6687ff567831e92,0xc5f89759ce89b65fdd97b4468419610fc285579c,0.012061127806080756,0.00072038962695
2024-01-19 19:32:47,ethereum,ledger,nano:s-plus-1:swap-1,0x1c23b471c65747b848f5119de6687ff567831e92,normal,OUT,142,0x3fa5dc0e0f8e3a1cb0a71fa43efb53c82601f8595af909865766f927ea677758,Ethereum,,,ETH,0x18efb6129ad8ab57bb5db39d7f46dd03c40b23c0a44348fe9bb18e7ba264a79c,19043022,0x,0x1c23b471c65747b848f5119de6687ff567831e92,0x273a5ae97bc5ab06ea7e076b07c39b692953aefc,0.071361672852644474,0.000760262411013
2024-01-19 18:42:59,ethereum,ledger,nano:s-plus-1:swap-1,0x1c23b471c65747b848f5119de6687ff567831e92,normal,IN,54,0xc827f2f658ef5efa02a46e3b3580e4cc1ffa028b8340ccd9c97dcfaebe7b878f,Ethereum,,,ETH,0x8486ef0e4527b6c08e1d78d8077566b85324adbe3086ac3904045c05c40dabb0,19042773,0x,0x9e2a58d257963a276452fff1be94c0eb7e2775cc,0x1c23b471c65747b848f5119de6687ff567831e92,0.11554415169095682,0.00066722922693
2024-01-19 17:45:59,ethereum,ledger,nano:s-plus-1:swap-1,0x1c23b471c65747b848f5119de6687ff567831e92,normal,IN,125,0x07e0f7f1bbaf2080c1aa558c9a8db5b34184e2c06de16e8f2f6e84e54a6b2a73,Ethereum,,,ETH,0x81de49a55ff4432932b17d525a7d87b6a32410e72a12892312daad04d53eaaef,19042490,0x,0x9e2a58d257963a276452fff1be94c0eb7e2775cc,0x1c23b471c65747b848f5119de6687ff567831e92,0.021502852043583662,0.000791001397851
2024-01-19 13:11:35,ethereum,ledger,nano:s-plus-1:swap-1,0x1c23b471c65747b848f5119de6687ff567831e92,normal,OUT,132,0x6e5e5d89291e15b1a8976f6b091191315bb690dfd91d7f852d87d8b395983c24,Ethereum,,,ETH,0x353d5975f18a8745d73a6dbc4d816b3061ea23478c7a03f982487c39abbc8283,19041123,0x,0x1c23b471c65747b848f5119de6687ff567831e92,0x8d5c29346d95f5e6497585fd5892db823d0cc7e0,0.00211697,0.001269496318467468
2024-01-17 13:26:47,ethereum,ledger,nano:s-plus-1:swap-1,0x1c23b471c65747b848f5119de6687ff567831e92,normal,OUT,322,0x41385e4ea2c23e6123464d26e3acf9783640434a2d203dd3d9d65ad9e7ebb2ba,Ethereum,,,ETH,0x1b72780c527abecca31a3994d653464d467bfd57a5654f9f72344ec7fb74f517,19026898,0x,0x1c23b471c65747b848f5119de6687ff567831e92,0xc155b3c2a83a42e22f54db3202ff5624013a598e,0.00206312,0.001619792392295532
2024-01-17 10:54:47,ethereum,ledger,nano:s-plus-1:swap-1,0x1c23b471c65747b848f5119de6687ff567831e92,normal,OUT,184,0x34bcd69d0d5430ae6acc08ef79ac37d09c813f879fc1e258afd6a1b6169e5269,Ethereum,,,ETH,0x27cfafe9e3ddf798244ca8ae93a126e2e9234417d4a76341708d7ea1057dc16d,19026144,0x,0x1c23b471c65747b848f5119de6687ff567831e92,0xfd8c258201fec3b56178aa6455cdaff103e1105e,0.415,0.000733529671287
2024-01-17 10:23:35,ethereum,ledger,nano:s-plus-1:swap-1,0x1c23b471c65747b848f5119de6687ff567831e92,normal,OUT,108,0x0bab0570a8a097b5969fcf1a223afd119efa654b103abf1dd6b4cbbf9ba8fd85,Ethereum,,,ETH,0x8416d528a1e50e57edaef9a4f7d2a7f34db2c22100a2fa849b8ac594a14496b2,19025988,0x,0x1c23b471c65747b848f5119de6687ff567831e92,0x0c092e6081713eb3a82ebf41ec44fe2ce7516eb4,0.100782417983897466,0.000675179698431
2024-01-17 09:29:47,ethereum,ledger,nano:s-plus-1:swap-1,0x1c23b471c65747b848f5119de6687ff567831e92,normal,OUT,111,0xd03d6051d1f0b30e761f1cf9a7e826602ea15255f0f04f5bef2e0e23e3185611,Ethereum,,,ETH,0x65f19db9639cdf682cb37a4eef0dde0ba3bff099253b74989aa05517e8a3829d,19025720,0x,0x1c23b471c65747b848f5119de6687ff567831e92,0xe98686e2e18fd19e6075ba35a86f75f86a1a9b7c,0.148233801927323405,0.000644863185855
2024-01-17 09:25:59,ethereum,ledger,nano:s-plus-1:swap-1,0x1c23b471c65747b848f5119de6687ff567831e92,normal,IN,85,0x4f2d2b5c0f94a2d4e5fa610d71eadb560ff4006647f7070d877a40b4a2872e23,Ethereum,,,ETH,0x3c4d4cfa30eb93626cfd05ec1d84838c9cc75f7a73d0683a34d010019f866a2a,19025701,0x,0x20e7899f4fdd469d68048938ec3d9f0167fa1b3a,0x1c23b471c65747b848f5119de6687ff567831e92,0.21964946,0.000657757307214
2024-01-17 09:24:35,ethereum,ledger,nano:s-plus-1:swap-1,0x1c23b471c65747b848f5119de6687ff567831e92,normal,IN,69,0x87cc9772ce5e2f0e482bc99bfc59dd5091d203841d35cc83aec8f68650b4c855,Ethereum,,,ETH,0x80e10447600c65331cdd3e9e9599d63e21af9ec1ae5aae9dbe6c58f774f02959,19025694,0x,0x20e7899f4fdd469d68048938ec3d9f0167fa1b3a,0x1c23b471c65747b848f5119de6687ff567831e92,0.23401425,0.000636467418993
2024-01-16 21:42:23,ethereum,ledger,nano:s-plus-1:swap-1,0x1c23b471c65747b848f5119de6687ff567831e92,normal,OUT,138,0x77a73d031140c917433a384b5e21b4737cc2d66a4547568dbbc182ce83b2bbef,Ethereum,,,ETH,0x4479e3ca5482c07a6bf2a5517603d7a76c63130c7552cdc703f20ff9c555b8f5,19022206,0x,0x1c23b471c65747b848f5119de6687ff567831e92,0x3c4c943c31d939abca7658c0c26cc2a6c2c9c794,0.061553246348752138,0.000805163967426
2024-01-16 20:57:23,ethereum,ledger,nano:s-plus-1:swap-1,0x1c23b471c65747b848f5119de6687ff567831e92,normal,OUT,121,0x19d92e0be0ca70f0aa1805c5566784d8b4d50ccb070782d6d6c6d49b51ed18f3,Ethereum,,,ETH,0x1622b2dd93c07afb1256ba1114d259b6c9eb9e3a1374b34be8289254edbca55a,19021982,0x,0x1c23b471c65747b848f5119de6687ff567831e92,0xc26451b42378e5b2e0d5cc00a5bb1e3a78970dfb,0.044046301559789073,0.00063403818387
2024-01-16 20:55:59,ethereum,ledger,nano:s-plus-1:swap-1,0x1c23b471c65747b848f5119de6687ff567831e92,normal,IN,38,0x7b3773a3c0a1a2d325bb76dbcf58fbb0de7884ca66010f93df5d274c1c632cb3,Ethereum,,,ETH,0x563e2e96512cf17d745205ae4bfa6a008d679c72a65c5deb2f6fcf23bf453e94,19021975,0x,0x21a31ee1afc51d94c2efccaa2092ad1028285549,0x1c23b471c65747b848f5119de6687ff567831e92,0.08852006,0.000670087365213
2024-01-16 20:17:11,ethereum,ledger,nano:s-plus-1:swap-1,0x1c23b471c65747b848f5119de6687ff567831e92,normal,IN,81,0x72153f6b50f228c22748fa080b023878923dc79286c58aaacd8c969518122af7,Ethereum,,,ETH,0xd6d0f76287bbb8e4274e7ca5a9117f37216888e8b79a3474826959e3bcc6da3e,19021782,0x,0x28c6c06298d514db089934071355e5743bf21d60,0x1c23b471c65747b848f5119de6687ff567831e92,0.04247742,0.000715235757264
2024-01-16 20:12:59,ethereum,ledger,nano:s-plus-1:swap-1,0x1c23b471c65747b848f5119de6687ff567831e92,normal,OUT,196,0xdd95538650cec660c460b51c02a8d30c1ffefc86fc3c357e8e3b3784871469b3,Ethereum,,,ETH,0x31362872bd914efc44311eaf9c28220b24b5f65b958ce2bf4b26bb25fd9670c1,19021761,0x,0x1c23b471c65747b848f5119de6687ff567831e92,0x727536bf8cdc479b7e73f0a803026f15f672eafe,0.018495544867567359,0.000633760817676
2024-01-16 19:35:35,ethereum,ledger,nano:s-plus-1:swap-1,0x1c23b471c65747b848f5119de6687ff567831e92,normal,OUT,183,0x70c50ebed0c2a540128f979233c3881f6a3aae5f7039e3ccd0a559d3523603b2,Ethereum,,,ETH,0xdef16f559ec0168e5a0e8b890eb916ff921d781494e9963e5b86e0c201c921b2,19021575,0x,0x1c23b471c65747b848f5119de6687ff567831e92,0x31e5417a0d0b68b76257a5ee65882003b22a648a,0.027316430957200965,0.000814726078152
2024-01-16 18:36:11,ethereum,ledger,nano:s-plus-1:swap-1,0x1c23b471c65747b848f5119de6687ff567831e92,normal,OUT,146,0xb1c7df033d22c593d482a72abd1727dfcc71b28361dac68dcc2e0d2a21816611,Ethereum,,,ETH,0x6ce2a9cf567a73cbff78e5d1aad37366c9dd6ffb89f60991dbc2c74e7d9687fe,19021278,0x,0x1c23b471c65747b848f5119de6687ff567831e92,0x08c2fd7efdac669a447f16fdbff22fad8e3807dd,0.050207928289877991,0.000683507530776
2024-01-16 18:34:23,ethereum,ledger,nano:s-plus-1:swap-1,0x1c23b471c65747b848f5119de6687ff567831e92,normal,IN,24,0x75224711041b23480824507d2d7d55e1feaf3e733a6bc2b1a2f12653afaed202,Ethereum,,,ETH,0x215f6ab60fb942e4a0c26bdf4baa870146956fe8e5179983bda90d68f88cba4f,19021269,0x,0x9696f59e4d72e237be84ffd425dcad154bf96976,0x1c23b471c65747b848f5119de6687ff567831e92,0.10911062,0.000736244129313
2024-01-16 17:58:11,ethereum,ledger,nano:s-plus-1:swap-1,0x1c23b471c65747b848f5119de6687ff567831e92,normal,OUT,165,0x6824ce20555b924935acf5af4e83fd7bf691a4480caf06787067da8e79626bbb,Ethereum,,,ETH,0x4f4b6864674f2b6796e3ebb4fff01cf09716a4cc62c79cc350291de745c9b97a,19021093,0x,0x1c23b471c65747b848f5119de6687ff567831e92,0x6c26db9eeae531f23ff57d39d6d241bc40b5509f,0.01283571471634975,0.000766649770446
2024-01-16 17:57:11,ethereum,ledger,nano:s-plus-1:swap-1,0x1c23b471c65747b848f5119de6687ff567831e92,normal,IN,31,0xfc40d3ce083aac4b633058a139fe3680228e92507f9889c425780bfd9c25998c,Ethereum,,,ETH,0xad86c1bacf5cac697289d0c0fce4a37793bfda728ac9d34fa2663e695db4a9ff,19021088,0x,0xdfd5293d8e347dfe59e90efd55b2956a1343963d,0x1c23b471c65747b848f5119de6687ff567831e92,0.02553969,0.00087484504401
2024-01-16 16:55:23,ethereum,ledger,nano:s-plus-1:swap-1,0x1c23b471c65747b848f5119de6687ff567831e92,normal,OUT,178,0x67c9db3f809d73883ed956bb814898591d2e92deee3edc23ffa62ab102bd17db,Ethereum,,,ETH,0x322bc4fde50993d87202c731463dfd611cb76b493eaf89cc1ba7c37ee122172d,19020781,0x,0x1c23b471c65747b848f5119de6687ff567831e92,0x727536bf8cdc479b7e73f0a803026f15f672eafe,0.020665966202492221,0.001042192570818
2024-01-16 16:53:59,ethereum,ledger,nano:s-plus-1:swap-1,0x1c23b471c65747b848f5119de6687ff567831e92,normal,OUT,138,0xef65ccf4f19d809cbc348da644de7bf1599b7c58993c9fd08d1fb80f1266f3f1,Ethereum,,,ETH,0x93424320662c1b56ebf1e243c19be8e5e40e5bf75518abaa256ae37a5d57d5b5,19020774,0x,0x1c23b471c65747b848f5119de6687ff567831e92,0x08c2fd7efdac669a447f16fdbff22fad8e3807dd,0.050001269403877515,0.001057755785562
2024-01-16 16:51:47,ethereum,ledger,nano:s-plus-1:swap-1,0x1c23b471c65747b848f5119de6687ff567831e92,normal,IN,101,0x7991f8924997961e56192400087d831432cddd38ced6724538c0dfe9c081e640,Ethereum,,,ETH,0xa63d0ff338590efdaddfd9eeebb0d3eb1623ef143959b0e0249039604fa1a7d5,19020763,0x,0xdfd5293d8e347dfe59e90efd55b2956a1343963d,0x1c23b471c65747b848f5119de6687ff567831e92,0.04200463,0.000963254251974
2024-01-16 16:50:23,ethereum,ledger,nano:s-plus-1:swap-1,0x1c23b471c65747b848f5119de6687ff567831e92,normal,IN,79,0x41661ab4de4d43b74e14ad93f20625ce8c67059f6548f533510046662d8e7202,Ethereum,,,ETH,0x62c57593c5d3eaff5ed6b654eb70672df6fec7355d208c0b3d183b9e72285433,19020756,0x,0x4976a4a02f38326660d17bf34b431dc6e2eb2327,0x1c23b471c65747b848f5119de6687ff567831e92,0.10836401,0.001145180801394
2024-01-16 16:38:23,ethereum,ledger,nano:s-plus-1:swap-1,0x1c23b471c65747b848f5119de6687ff567831e92,normal,OUT,131,0x38cc766c3c715dfc98ae0de97c9e6abdc15e9edd3909d1ffc862dd5db8bdb817,Ethereum,,,ETH,0xb593ebf55a57433988bda86c036af795aec00ad2af17dbb1645438d4c37f714b,19020696,0x,0x1c23b471c65747b848f5119de6687ff567831e92,0x9a6f3c8c450a3df7e14d5e85f060afc36dda3f49,0.022390094730683481,0.000824483980782
2024-01-16 16:31:35,ethereum,ledger,nano:s-plus-1:swap-1,0x1c23b471c65747b848f5119de6687ff567831e92,normal,OUT,178,0x460e1e58b530276a3b167a9a5838115ea9789d181909283c0005138d12f30d73,Ethereum,,,ETH,0xb5b3b74a1afd23b880372c6f9ee24075ce9c55d0ed00d29a11e39e275efa0ec3,19020662,0x,0x1c23b471c65747b848f5119de6687ff567831e92,0x727536bf8cdc479b7e73f0a803026f15f672eafe,0.025886977192466348,0.000961737660534
2024-01-16 16:24:35,ethereum,ledger,nano:s-plus-1:swap-1,0x1c23b471c65747b848f5119de6687ff567831e92,normal,IN,69,0xda4b5920f048e2b7d4cc2a8b2ad177d9a9aa6ba5d106e58d8b4457dab2dae9ae,Ethereum,,,ETH,0xc652a112d3113620bffe43903a4fe6ae44fde43e587ab8f308925bd9727b7037,19020627,0x,0x21a31ee1afc51d94c2efccaa2092ad1028285549,0x1c23b471c65747b848f5119de6687ff567831e92,0.05348848,0.00082615316448
2024-01-16 16:06:11,ethereum,ledger,nano:s-plus-1:swap-1,0x1c23b471c65747b848f5119de6687ff567831e92,normal,IN,117,0x60210042346a6ce6837bca62db58d5206ab95e59208a638ee32fefb193d9df78,Ethereum,,,ETH,0x08d224796f2b6a8c3b9fcc4b934ad7c81a299a051c40c53bc8c8d685c3ca98e8,19020536,0x,0x4976a4a02f38326660d17bf34b431dc6e2eb2327,0x1c23b471c65747b848f5119de6687ff567831e92,0.04867272,0.001109871102165
2024-01-16 14:50:11,ethereum,ledger,nano:s-plus-1:swap-1,0x1c23b471c65747b848f5119de6687ff567831e92,normal,OUT,207,0x9667eea1948158e3e8f72110ae03ccec309fe1e0429e121961e8fd6f8113791f,Ethereum,,,ETH,0xb91c3ce55737662a7e25e941be9c71fedf4309d47bdfd1ddb7b99d9bbebb62f9,19020157,0x,0x1c23b471c65747b848f5119de6687ff567831e92,0x102f87639322169f489f6bada9aff5016a252aa3,0.00209751,0.002523726219001351
2024-01-16 08:25:47,ethereum,ledger,nano:s-plus-1:swap-1,0x1c23b471c65747b848f5119de6687ff567831e92,normal,OUT,139,0x2472be63281d15115b439c56288dcf74ace866559fbde4115493219e95488406,Ethereum,,,ETH,0x098770a9014745c6f5becbfde152f42b9d44b23837784aafc61e4e4c039283ad,19018244,0x,0x1c23b471c65747b848f5119de6687ff567831e92,0x3c4c943c31d939abca7658c0c26cc2a6c2c9c794,0.040363260321121568,0.00051764531154
2024-01-16 08:23:11,ethereum,ledger,nano:s-plus-1:swap-1,0x1c23b471c65747b848f5119de6687ff567831e92,normal,OUT,227,0xc2e26ffd9da4543d1d1a94d351453c6bfa362ca168b884077972ef30471d7fa8,Ethereum,,,ETH,0xe146b63b84c095ec894fc55a484dd58045b54a1ec818cae057aaaac888dbd508,19018231,0x,0x1c23b471c65747b848f5119de6687ff567831e92,0x5d492cc2d4c0ff9d2fee5a44f6aca7f3cbf08a6c,0.049335971521985037,0.000518600497443
2024-01-16 08:17:47,ethereum,ledger,nano:s-plus-1:swap-1,0x1c23b471c65747b848f5119de6687ff567831e92,normal,OUT,133,0x46b736483a5eb59cbe3c6bc4018e0c269e31cb04b7492e98c1f931717ab787c9,Ethereum,,,ETH,0x07042a95d549ef2dd463bbeab096ca30af92a51d5cb22f3b76a2b78e2ae571b0,19018204,0x,0x1c23b471c65747b848f5119de6687ff567831e92,0x08c2fd7efdac669a447f16fdbff22fad8e3807dd,0.044402360314282068,0.000474796460061
2024-01-16 08:13:23,ethereum,ledger,nano:s-plus-1:swap-1,0x1c23b471c65747b848f5119de6687ff567831e92,normal,IN,47,0x3a15e679572cb3d470295497730f1ce06a64fde39ad2d4e8cda1e3b1cbb5517c,Ethereum,,,ETH,0x0c476db974d9000aeb01c484a7c3916d067975b3a019946f00aeca1d5d4283c7,19018182,0x,0x20e7899f4fdd469d68048938ec3d9f0167fa1b3a,0x1c23b471c65747b848f5119de6687ff567831e92,0.0919659,0.000484987334622
2024-01-16 08:13:11,ethereum,ledger,nano:s-plus-1:swap-1,0x1c23b471c65747b848f5119de6687ff567831e92,normal,IN,83,0x6e41737a5d8b965725cf40c9499bb0008754c940bccdf047e29869498bcf3d35,Ethereum,,,ETH,0xaa30e598c8696cf33514234c2692bb929950b9405bf7455119bbbfdd0c6e85fd,19018181,0x,0x20e7899f4fdd469d68048938ec3d9f0167fa1b3a,0x1c23b471c65747b848f5119de6687ff567831e92,0.09780779,0.0005002157895
2024-01-15 20:21:11,ethereum,ledger,nano:s-plus-1:swap-1,0x1c23b471c65747b848f5119de6687ff567831e92,normal,OUT,232,0x6ec3927e9a80d1160ce75855ac9d9a48a0b03765b7ccbff30354edd164914594,Ethereum,,,ETH,0xaf00b9746f135790cf1272939d0d3b2ece3c85e04b71f613f85236f5a0c41c0d,19014634,0x,0x1c23b471c65747b848f5119de6687ff567831e92,0x31e5417a0d0b68b76257a5ee65882003b22a648a,0.028,0.000565740067074
2024-01-15 14:23:47,ethereum,ledger,nano:s-plus-1:swap-1,0x1c23b471c65747b848f5119de6687ff567831e92,normal,OUT,133,0x9704494082ae073df4a1ad6d32b85f5997a5d9b13dc7c9a6b5fc083c0fafe995,Ethereum,,,ETH,0xe146bc03c826fd45b2116996c64d4280a49e9dd99479b32a80254726e5ff7b69,19012854,0x,0x1c23b471c65747b848f5119de6687ff567831e92,0x00d226a09826204841be740c4127b6192a6f14f4,0.00206652,0.001243160757212829
2024-01-15 09:04:23,ethereum,ledger,nano:s-plus-1:swap-1,0x1c23b471c65747b848f5119de6687ff567831e92,normal,OUT,149,0xedd45cf05328bd3ab9d2cb20e6c16c0d9042dfe25b3d53450e8457ef7c8872b9,Ethereum,,,ETH,0x420ccfbcecad989ba27ffc0cc53de5b750dbd95009204f398f5fd8e321352c04,19011274,0x,0x1c23b471c65747b848f5119de6687ff567831e92,0xc418ebca92fe55b7900d885c96a23e852274e23b,0.099,0.000371762021169
2024-01-15 08:01:35,ethereum,ledger,nano:s-plus-1:swap-1,0x1c23b471c65747b848f5119de6687ff567831e92,normal,IN,87,0x8309d64cf6f8bc188c1f066752a0cf761f67fe17f36e77edddd210b4024107a8,Ethereum,,,ETH,0x9b4979d3a129135068c39a11862eca6447729df20faa29389020333c43979e50,19010961,0x,0x20e7899f4fdd469d68048938ec3d9f0167fa1b3a,0x1c23b471c65747b848f5119de6687ff567831e92,0.13786118,0.00036717884532
2024-01-13 10:54:47,ethereum,ledger,nano:s-plus-1:swap-1,0x1c23b471c65747b848f5119de6687ff567831e92,normal,OUT,66,0x5d431e41f170c10ba201b91af29b9b43bccb7e7c2b83f10c9de3aa4ba27f161f,Ethereum,,,ETH,0xb9727a8179107ee5958e9bf312a59be9c945d40819edde20d970288086c9409d,18997504,0x,0x1c23b471c65747b848f5119de6687ff567831e92,0x3c4c943c31d939abca7658c0c26cc2a6c2c9c794,0.001593678798297901,0.000412724905845
2024-01-12 21:04:59,ethereum,ledger,nano:s-plus-1:swap-1,0x1c23b471c65747b848f5119de6687ff567831e92,normal,OUT,58,0x89b4cdd1103891d1abe0d0a1b3f5ee627458244b28b1458d2d4761605f676178,Ethereum,,,ETH,0x652ddf0838bfc752779ff384493f4f474993969daea6a164eb7630c7ea356dae,18993383,0x,0x1c23b471c65747b848f5119de6687ff567831e92,0x6d584647ef1b63b59378ad7afadc7f769a668131,0.00649,0.000695652087816
2024-01-12 14:11:59,ethereum,ledger,nano:s-plus-1:swap-1,0x1c23b471c65747b848f5119de6687ff567831e92,normal,OUT,49,0x72e722181870e56ad0b637fddb403f2249fe37286429fc522f702672f3a85a53,Ethereum,,,ETH,0xf542e6fab92e442abc380bdc2f73362c5855447e6531cadc32eb6e99213632a6,18991332,0x,0x1c23b471c65747b848f5119de6687ff567831e92,0x816ccc84cc7f79286141ea440517844e90546b89,0.00196156,0.001351003448998021
2024-01-11 18:59:11,ethereum,ledger,nano:s-plus-1:swap-1,0x1c23b471c65747b848f5119de6687ff567831e92,normal,OUT,55,0x6fbe66437794dd492dd0a010c792a2809badf7d524883210f6c3ca9dbd306415,Ethereum,,,ETH,0x4e00aa2c64d723f9bad281c3d7c656f002930b35018dfc35134e61e79588474a,18985619,0x,0x1c23b471c65747b848f5119de6687ff567831e92,0x78f56fc04a53f192f7b12d5891afa8a4a39ccd5f,0.00510349,0.000617921594472
2024-01-11 17:47:59,ethereum,ledger,nano:s-plus-1:swap-1,0x1c23b471c65747b848f5119de6687ff567831e92,normal,OUT,63,0xee837250cc2a4aaa91cd8ea7c960327863b117959ff4a1fab3b1f24907c4ca83,Ethereum,,,ETH,0x1d9c43a65f1e5c8458de34fe3daf0e1ac4e0c591e88f2dc6602f3fdb518779ee,18985264,0x,0x1c23b471c65747b848f5119de6687ff567831e92,0x273a5ae97bc5ab06ea7e076b07c39b692953aefc,0.116036710612499097,0.000707184589272
2024-01-11 17:41:23,ethereum,ledger,nano:s-plus-1:swap-1,0x1c23b471c65747b848f5119de6687ff567831e92,normal,IN,86,0x3bb6089370ee4a9eb8e1c7e458c231714874b3c3d2a6cd2ed87977b54543c609,Ethereum,,,ETH,0xf38aa5800f46d981546b846dfc53ace8bb69b02c8b6ba6cab26bfc9d23ba479d,18985231,0x,0x17f1a51da68d27c94d2a51d92b27b5bd4718b986,0x1c23b471c65747b848f5119de6687ff567831e92,0.130152241,0.000734083733586
2024-01-11 13:03:59,ethereum,ledger,nano:s-plus-1:swap-1,0x1c23b471c65747b848f5119de6687ff567831e92,normal,OUT,61,0x6665dcc1416aeb29c172e5ad8b7226eae762c010ef425703c00910d9dd31ef3c,Ethereum,,,ETH,0xb27a574e28eb42b5e395612f02421d75191d315295f2b35cf3da4b9aa21b889d,18983861,0x,0x1c23b471c65747b848f5119de6687ff567831e92,0x84c7d4a11d74fa578f63ad1ea8fc883b0905ad80,0.00198631,0.001492997261674191
2024-01-10 18:52:59,ethereum,ledger,nano:s-plus-1:swap-1,0x1c23b471c65747b848f5119de6687ff567831e92,normal,OUT,72,0x28fed4cea3cef19329e0a2556696d6ba80c555769064f1623492ad44958553c4,Ethereum,,,ETH,0xa769700b68379b56ee9cef061ab46c76f7fc194a8c62f0ffe723c5460ded2b9d,18978459,0x,0x1c23b471c65747b848f5119de6687ff567831e92,0xa858549c428db2ca83581a073d4f5266dbede67b,0.00215431,0.002030677487803965
2024-01-10 16:05:47,ethereum,ledger,nano:s-plus-1:swap-1,0x1c23b471c65747b848f5119de6687ff567831e92,normal,OUT,53,0x60cab2bedaa8761c760a5359706964db44232f182aaef2f01c2cc016d47da834,Ethereum,,,ETH,0xaec355394099006e7e13c84ef2740288590554af25a2348a2ae5f496141a295b,18977630,0x,0x1c23b471c65747b848f5119de6687ff567831e92,0x7eb666e57cff0f7e03caf37a555d75ebed43568b,0.055286085438277407,0.001099348213005
2024-01-10 16:05:11,ethereum,ledger,nano:s-plus-1:swap-1,0x1c23b471c65747b848f5119de6687ff567831e92,normal,OUT,46,0x1c9eb31092b4f02addf1927b6af2a392f81d10b9ad2615cec2cbcf533d845e46,Ethereum,,,ETH,0x701794b889a25e01a6269f1a3d368a599b0e0a920282c09754c7fe88dea1e759,18977627,0x,0x1c23b471c65747b848f5119de6687ff567831e92,0x7eb666e57cff0f7e03caf37a555d75ebed43568b,0.022837803517494031,0.001210888262241
2024-01-10 15:30:35,ethereum,ledger,nano:s-plus-1:swap-1,0x1c23b471c65747b848f5119de6687ff567831e92,normal,OUT,58,0x04f683db724a2718a82a65599972047c523c262d01fc2a83877e848720a180d2,Ethereum,,,ETH,0x672510d42a780bf60145d0211ffb764eac3c87e898b00928966514150330a42a,18977454,0x,0x1c23b471c65747b848f5119de6687ff567831e92,0x9a6f3c8c450a3df7e14d5e85f060afc36dda3f49,0.049697483104723651,0.000986987339058
2024-01-10 15:30:23,ethereum,ledger,nano:s-plus-1:swap-1,0x1c23b471c65747b848f5119de6687ff567831e92,normal,IN,85,0x064e2fd2cc99ff7fa933e4dd16d16dfbf645f70d3f869671bc8d06f9940d2425,Ethereum,,,ETH,0x33afd3e5ac5c70f9cc3bf4fbf0146165988fb3111de5a7fdea574ddcb74729d1,18977453,0x,0x17f1a51da68d27c94d2a51d92b27b5bd4718b986,0x1c23b471c65747b848f5119de6687ff567831e92,0.095115234,0.000978193631772
2024-01-10 15:11:11,ethereum,ledger,nano:s-plus-1:swap-1,0x1c23b471c65747b848f5119de6687ff567831e92,normal,OUT,68,0xfeb394fb9d312cac63148ed3a8e9d1b748c99a044cdc0aba835bd37be1d5511b,Ethereum,,,ETH,0x3fe078d9889d9f40db0ee49541eafbbf95a65fd540874986dd95f446282a1d59,18977358,0x,0x1c23b471c65747b848f5119de6687ff567831e92,0x9a6f3c8c450a3df7e14d5e85f060afc36dda3f49,0.083228113885038136,0.000957655445964
2024-01-10 15:09:59,ethereum,ledger,nano:s-plus-1:swap-1,0x1c23b471c65747b848f5119de6687ff567831e92,normal,OUT,32,0x175a910257548fa1864a7af620811b16559ce81f7cf09266e69b4930c6231ea1,Ethereum,,,ETH,0x40c6421120384005b1c3f28acad96c9740503102f8a4186116d412fb74bb0bc2,18977352,0x,0x1c23b471c65747b848f5119de6687ff567831e92,0xee8e9c07e4bb48830a727ae7a914ce7f4e24badd,0.037868791817692352,0.000897950313897
2024-01-10 15:06:23,ethereum,ledger,nano:s-plus-1:swap-1,0x1c23b471c65747b848f5119de6687ff567831e92,normal,IN,91,0x26c89edf393cf19b915c1be3f82e7740dd9b02cbb113a8750342e27069448758,Ethereum,,,ETH,0x00604d6af993d47ad23e587aab02b1cf8701ef396eb8b20699b8de5d3808f334,18977334,0x,0x17f1a51da68d27c94d2a51d92b27b5bd4718b986,0x1c23b471c65747b848f5119de6687ff567831e92,0.162836841,0.000952926473856
2024-01-10 14:17:47,ethereum,ledger,nano:s-plus-1:swap-1,0x1c23b471c65747b848f5119de6687ff567831e92,normal,OUT,27,0x0abbcb6e890e198095ddb91802d76866fda2607e0a28f3ab0d8871709bbfc50a,Ethereum,,,ETH,0xdd6b0f92fc0c58e870406f69cd8da7e4b2883546de1c8ceda80ea3919d8a4854,18977091,0x,0x1c23b471c65747b848f5119de6687ff567831e92,0x5e7d05afc61418220590e668403393552f23d75d,0.014724379599144664,0.002104359725454
2024-01-10 14:12:47,ethereum,ledger,nano:s-plus-1:swap-1,0x1c23b471c65747b848f5119de6687ff567831e92,normal,OUT,103,0x2383407655a9c86c035917bc7c290bdf26a9b168b8a3a629618174fb100626c3,Ethereum,,,ETH,0x678364b5d1af6c74ffe43d0d6141137fd6a135e0b4f7047c168576557104d68b,18977066,0x,0x1c23b471c65747b848f5119de6687ff567831e92,0xf5e8dd3eebf081d37aac4d0c68856206f7799fc1,0.023500776767882033,0.00375862863369
2024-01-10 13:56:23,ethereum,ledger,nano:s-plus-1:swap-1,0x1c23b471c65747b848f5119de6687ff567831e92,normal,IN,24,0x78fe892327f0039d618646230bf5bb2d1bd553ad1d9654a2ab9d58117179b889,Ethereum,,,ETH,0xf6d9ff8dd37f1436948cba0618cf67e29f2c42eff01b61fb218da3a82d4f298a,18976987,0x,0xfd8c258201fec3b56178aa6455cdaff103e1105e,0x1c23b471c65747b848f5119de6687ff567831e92,0.040268844550467422,0.000925948798194
2024-01-10 09:11:35,ethereum,ledger,nano:s-plus-1:swap-1,0x1c23b471c65747b848f5119de6687ff567831e92,normal,OUT,24,0xa8056daf135d1304f7786d38faed71d9f33c157e57c7e524a3b400308cb99ae4,Ethereum,,,ETH,0x2fcfcccaad6f37bfa0d9b5d131860155f62c6c434e4b20c270009dfd306b0668,18975569,0x,0x1c23b471c65747b848f5119de6687ff567831e92,0x18a64b06ed3f28d69eabe4bf9e929bb49b8d8fd0,0.00219751,0.001200425739422546
2024-01-10 01:26:59,ethereum,ledger,nano:s-plus-1:swap-1,0x1c23b471c65747b848f5119de6687ff567831e92,normal,IN,17,0xf66cfdefecc632bbcfd6c767c2c171e76076e97a342536a1a2883dac1954e85d,Ethereum,,,ETH,0x64220c34dda67f0c27de192943c76f5c50c83e4a17adb018ff4169429fc39752,18973267,0x,0xfd8c258201fec3b56178aa6455cdaff103e1105e,0x1c23b471c65747b848f5119de6687ff567831e92,0.015818248039194573,0.000362980721061
